LOCK TABLES `SEARCH_QUERY` WRITE;
INSERT INTO `SEARCH_QUERY` VALUES (-281505645281209,'2015-11-26 14:18:24'),(0,'2015-11-25 13:49:24'),(3738199,'2015-11-26 10:46:15'),(111111111,'2015-11-25 13:31:54'),(281492159834658,'2015-11-26 14:01:45'),(281492160252499,'2015-11-26 11:01:12');
UNLOCK TABLES;

LOCK TABLES `WEB_RESULT` WRITE;
INSERT INTO `WEB_RESULT` VALUES (1,'Xbox | Official Site','http://www.xbox.com/','http://www.xbox.com/','Experience the new generation of games and entertainment with Xbox. Play Xbox games and stream video on all your devices.',3738199),(2,'Xbox | Official Site','http://www.xbox.com/ja-JP/','http://www.xbox.com/ja-JP/','Discover the true meaning of fear in Alien: Isolation for Xbox One and Xbox 360. [M]',3738199),(3,'Xbox.com','https://support.xbox.com/','https://support.xbox.com/','Do you need to manage your Xbox subscription? To manage your subscription, sign in to your Microsoft account. From there, you can check your subscription status, turn ...',3738199),(4,'Xbox - Wikipedia, the free encyclopedia','https://en.wikipedia.org/wiki/Xbox','https://en.wikipedia.org/wiki/Xbox','Xbox (stylized as Xbox) is a video gaming brand created and owned by Microsoft. It represents a series of video game consoles developed by Microsoft, with three ...',3738199),(5,'Xbox 360 - Walmart.com','http://www.walmart.com/cp/Xbox-360/482412','http://www.walmart.com/cp/Xbox-360/482412','Xbox 360. Xbox 360 brings you a total games and entertainment experience. Choose from a huge library of thrilling games. Plus, your whole family can watch HD movies ...',3738199),(6,'Xbox | Official Site','http://www.xbox.com/','http://www.xbox.com/','Experience the new generation of games and entertainment with Xbox. Play Xbox games and stream video on all your devices.',281492160252499),(7,'Xbox | Official Site','http://www.xbox.com/ja-JP/','http://www.xbox.com/ja-JP/','Discover the true meaning of fear in Alien: Isolation for Xbox One and Xbox 360. [M]',281492160252499),(8,'Xbox.com','https://support.xbox.com/','https://support.xbox.com/','Do you need to manage your Xbox subscription? To manage your subscription, sign in to your Microsoft account. From there, you can check your subscription status, turn ...',281492160252499),(9,'Xbox - Wikipedia, the free encyclopedia','https://en.wikipedia.org/wiki/Xbox','https://en.wikipedia.org/wiki/Xbox','Xbox (stylized as Xbox) is a video gaming brand created and owned by Microsoft. It represents a series of video game consoles developed by Microsoft, with three ...',281492160252499),(10,'Xbox 360 - Walmart.com','http://www.walmart.com/cp/Xbox-360/482412','http://www.walmart.com/cp/Xbox-360/482412','Xbox 360. Xbox 360 brings you a total games and entertainment experience. Choose from a huge library of thrilling games. Plus, your whole family can watch HD movies ...',281492160252499),(11,'java.com: Java et vous','https://www.java.com/fr/','https://www.java.com/fr/','Java et vous, TELECHARGER DES A PRESENT. Téléchargement gratuit de Java » Java, qu\'est-ce que c\'est ? » Est-ce que je dispose de Java ?',281492159834658),(12,'java.com: ????Java','https://www.java.com/ja/','https://www.java.com/ja/','????JAVA, ?????????. ??Java??????? » Java?? » Java???????? » ??????',281492159834658),(13,'Oracle Technology Network for Java Developers | Oracle ...','http://www.oracle.com/technetwork/java/index.html','http://www.oracle.com/technetwork/java/index....','Oracle Technology Network is the ultimate, complete, and authoritative source of technical information and learning about Java.',281492159834658),(14,'Java Software | Oracle','https://www.oracle.com/java/index.html','https://www.oracle.com/java/index.html','Learn more about Java, the #1 programming language. Java software reduces costs, drives innovation, and improves application services.',281492159834658),(15,'Java - Wikipedia, the free encyclopedia','https://en.wikipedia.org/wiki/Java','https://en.wikipedia.org/wiki/Java','Java (Indonesian: Jawa; Javanese: ??) is an island of Indonesia. With a population of 150 million, Java is home to 51 percent of the Indonesian population, and is ...',281492159834658),(16,'The FreeBSD Project','http://www.freebsd.org/','http://www.freebsd.org/','The FreeBSD Project. FreeBSD is an advanced computer operating system used to power modern servers, desktops and embedded platforms.',-281505645281209),(17,'The FreeBSD Project','http://www.freebsd.org/ja/','http://www.freebsd.org/ja/','The mark FreeBSD is a registered trademark of The FreeBSD Foundation and is used by The FreeBSD Project with the permission of The FreeBSD Foundation.',-281505645281209),(18,'FreeBSD - Wikipedia, the free encyclopedia','https://en.wikipedia.org/wiki/FreeBSD','https://en.wikipedia.org/wiki/FreeBSD','FreeBSD is a free Unix-like operating system descended from Research Unix via the Berkeley Software Distribution (BSD). Although for legal reasons FreeBSD cannot use ...',-281505645281209),(19,'FreeBSD — Википедия','https://ru.wikipedia.org/wiki/FreeBSD','https://ru.wikipedia.org/wiki/FreeBSD','FreeBSD: Приветствие в терминале FreeBSD: Разработчик: The FreeBSD Project. Семейство ОС: BSD UNIX. Основана на',-281505645281209),(20,'FreeBSD - Wikipedia','https://ja.wikipedia.org/wiki/FreeBSD','https://ja.wikipedia.org/wiki/FreeBSD','FreeBSD（フリービーエスディー）は、Unix系のオープンソースのオペレーティングシステム (OS) である。NetBSDやOpenBSDと同じく ...',-281505645281209);
UNLOCK TABLES;

LOCK TABLES `SCORING_RESULT` WRITE;
INSERT INTO `SCORING_RESULT` VALUES (-892346643405,6,365),(-892346643405,7,441),(-892346643405,8,293),(-892346643405,9,116),(-892346643405,10,11),(-946851200,6,561),(-946851200,7,285),(-946851200,8,805),(-946851200,9,442),(-946851200,10,426),(-639240819,6,667),(-639240819,7,798),(-639240819,8,670),(-639240819,9,171),(-639240819,10,134),(-625784022,6,587),(-625784022,7,678),(-625784022,8,296),(-625784022,9,804),(-625784022,10,305),(4000,6,752),(4000,7,805),(4000,8,657),(4000,9,69),(4000,10,586),(4496,6,428),(4496,7,135),(4496,8,362),(4496,9,573),(4496,10,364),(4497,6,828),(4497,7,485),(4497,8,52),(4497,9,352),(4497,10,306),(97899,6,317),(97899,7,919),(97899,8,899),(97899,9,508),(97899,10,685),(113275,6,479),(113275,7,834),(113275,8,129),(113275,9,361),(113275,10,751),(3008644,6,23),(3008644,7,249),(3008644,8,3),(3008644,9,255),(3008644,10,998),(3484877,6,944),(3484877,7,227),(3484877,8,140),(3484877,9,483),(3484877,10,852),(113853422,6,1),(113853422,7,1),(113853422,8,1),(113853422,9,1),(113853422,10,1),(2121648368,6,1),(2121648368,7,1),(2121648368,8,1),(2121648368,9,3),(2121648368,10,1),(2150112707,6,899),(2150112707,7,638),(2150112707,8,36),(2150112707,9,658),(2150112707,10,602),(6681790170,6,158),(6681790170,7,143),(6681790170,8,550),(6681790170,9,780),(6681790170,10,323),(21613022730,6,953),(21613022730,7,234),(21613022730,8,340),(21613022730,9,664),(21613022730,10,185),(16643953087136,16,2),(16643953087136,17,2),(16643953087136,18,7),(16643953087136,19,15),(16643953087136,20,15),(60833521420001963,6,45),(60833521420001963,7,37),(60833521420001963,8,45),(60833521420001963,9,119),(60833521420001963,10,13);
UNLOCK TABLES;
